Line, Average latency,,MinReturn,AverageReturn,Average reward, ,Itr,MaxReturn,Average greedy latency,,AverageDiscountedReturn,PolicyExecTime,EnvExecTime,StdReturn,NumTrajs
1040.3450180764562,806.2111984153928,234.133820
994.2266216344789,806.2111984153929,188.015423
992.2025911593482,806.2111984153929,185.991393
990.7873508440608,806.2111984153929,184.576152
993.9822112465041,806.2111984153929,187.771013
997.5726643339203,806.211198415393,191.361466
1003.096785276749,806.2111984153929,196.885587
1003.2831137889453,806.2111984153929,197.071915
1009.4924070208731,806.2111984153929,203.281209
1014.7562504264287,806.2111984153929,208.545052
1030.7360426890054,806.2111984153929,224.524844
1033.1272037506149,806.211198415393,226.916005
1049.5756257732346,806.2111984153929,243.364427
1062.8870411469416,806.2111984153928,256.675843
1083.4354134170896,806.211198415393,277.224215
1103.2396296944346,806.2111984153929,297.028431
1121.040436904544,806.211198415393,314.829238
1145.3700837750616,806.2111984153929,339.158885
1164.6262881169546,806.2111984153929,358.415090
1183.8885876667205,806.2111984153929,377.677389
1205.7403710414253,806.2111984153929,399.529173
1222.9645281458627,806.2111984153929,416.753330
1234.304540778755,806.211198415393,428.093342
1245.2026551955494,806.2111984153929,438.991457
1256.8890523571467,806.2111984153929,450.677854
1264.5327534688358,806.2111984153928,458.321555
1267.5987322150504,806.2111984153929,461.387534
1266.2304234779267,806.2111984153929,460.019225
1266.3644973664193,806.211198415393,460.153299
1255.3598420794895,806.2111984153929,449.148644
1239.2555420063745,806.2111984153929,433.044344
1220.647782127453,806.2111984153929,414.436584
1199.7176715064459,806.2111984153929,393.506473
1172.4080403902553,806.2111984153928,366.196842
1147.924626858189,806.2111984153928,341.713428
1119.3402533905846,806.2111984153929,313.129055
1091.9636919126963,806.2111984153929,285.752493
1056.7116271711075,806.2111984153929,250.500429
1020.4626523137092,806.2111984153929,214.251454
1002.9377261872836,806.211198415393,196.726528
986.8417872252193,806.211198415393,180.630589
979.7700960313024,806.2111984153928,173.558898
985.4854634984881,806.211198415393,179.274265
993.9940486322357,806.2111984153929,187.782850
994.054306245277,806.211198415393,187.843108
1002.6182374603001,806.2111984153929,196.407039
1001.0744671211561,806.2111984153929,194.863269
1013.2979809845515,806.2111984153929,207.086783
1024.5771814625377,806.211198415393,218.365983
1038.508564807533,806.2111984153929,232.297366
1059.6868417377018,806.2111984153929,253.475643
1085.159561212558,806.2111984153929,278.948363
1104.845486433347,806.2111984153929,298.634288
1134.25963166696,806.2111984153928,328.048433
1160.1697318381673,806.2111984153928,353.958533
1172.8025705897785,806.211198415393,366.591372
1179.5896669259798,806.2111984153929,373.378469
1183.0914527403877,806.211198415393,376.880254
1163.607005902363,806.2111984153929,357.395807
1159.3030675955044,806.2111984153928,353.091869
1135.1697872738976,806.2111984153929,328.958589
1116.6101505852382,806.2111984153929,310.398952
1087.964931588963,806.2111984153928,281.753733
1061.8613527827536,806.2111984153928,255.650154
1031.5214295451754,806.2111984153928,225.310231
1012.5043128889401,806.2111984153929,206.293114
999.9388843648956,806.2111984153929,193.727686
995.6232644834972,806.2111984153929,189.412066
1004.5295798891157,806.2111984153929,198.318381
1017.1445342060362,806.2111984153929,210.933336
1034.8469651845344,806.2111984153929,228.635767
1042.9559587155932,806.2111984153929,236.744760
1025.2878444874445,806.2111984153929,219.076646
1013.8864882432391,806.2111984153928,207.675290
1003.7949306790761,806.2111984153929,197.583732
1003.9143195229666,806.2111984153929,197.703121
1002.591819317023,806.2111984153929,196.380621
1002.7878029312408,806.211198415393,196.576605
1002.8291050623077,806.211198415393,196.617907
1011.5310734122276,806.2111984153929,205.319875
1026.9086846651214,806.2111984153928,220.697486
1047.0141733363787,806.2111984153929,240.802975
1076.0039049382392,806.2111984153929,269.792707
1095.5044591565088,806.2111984153929,289.293261
1102.680718717289,806.2111984153929,296.469520
1094.6317542565118,806.2111984153929,288.420556
1091.9475462387222,806.2111984153929,285.736348
1085.155980317429,806.2111984153928,278.944782
1085.6700625275703,806.2111984153928,279.458864
1072.0381604271572,806.2111984153929,265.826962
1063.2765700646855,806.2111984153928,257.065372
1042.209527726977,806.2111984153929,235.998329
1029.8393790669395,806.2111984153929,223.628181
1015.0816291258857,806.211198415393,208.870431
1001.5474680319969,806.2111984153928,195.336270
997.5156992036912,806.2111984153929,191.304501
991.4846020750863,806.2111984153929,185.273404
988.6473047387486,806.2111984153929,182.436106
990.0077309314681,806.2111984153929,183.796533
991.5500753132729,806.2111984153928,185.338877
998.4620258661679,806.2111984153928,192.250827
1001.6552032466934,806.2111984153929,195.444005
1006.3880454684667,806.2111984153929,200.176847
1017.8205755742754,806.2111984153928,211.609377
1021.6231109283539,806.2111984153929,215.411913
1032.7991561522122,806.2111984153929,226.587958
1045.934795756381,806.211198415393,239.723597
1057.0252502636865,806.2111984153929,250.814052
1054.262383970515,806.2111984153928,248.051186
1055.7530874360402,806.2111984153929,249.541889
1047.681107116395,806.2111984153929,241.469909
1035.432966086306,806.2111984153929,229.221768
1022.7295379159337,806.2111984153929,216.518340
1012.0405541403861,806.2111984153929,205.829356
1006.7915313129652,806.2111984153929,200.580333
997.534758499654,806.2111984153928,191.323560
978.1280107814108,806.2111984153929,171.916812
974.0748737949417,806.2111984153928,167.863675
969.875854271103,806.2111984153929,163.664656
969.4367526862327,806.211198415393,163.225554
974.6984138456389,806.2111984153929,168.487215
981.8826085776011,806.2111984153929,175.671410
973.0342654028528,806.2111984153929,166.823067
972.5797504866601,806.2111984153929,166.368552
965.6470287910234,806.211198415393,159.435830
972.2449180351756,806.2111984153929,166.033720
970.2996624419121,806.211198415393,164.088464
968.8929152880942,806.2111984153929,162.681717
974.8049661341076,806.2111984153929,168.593768
979.0027167435692,806.2111984153929,172.791518
988.8036633210863,806.2111984153929,182.592465
1000.2174653918084,806.2111984153929,194.006267
1018.8980213595165,806.2111984153929,212.686823
1037.1837561255545,806.2111984153929,230.972558
1056.445155014029,806.2111984153928,250.233957
1065.4008782587505,806.2111984153928,259.189680
1070.999032866251,806.211198415393,264.787834
1073.432734473197,806.2111984153929,267.221536
1075.064080933689,806.2111984153928,268.852883
1071.5418807817505,806.211198415393,265.330682
1068.8382112715813,806.2111984153929,262.627013
1060.2099338762603,806.2111984153928,253.998735
1053.3299924456778,806.2111984153929,247.118794
1038.2798079866636,806.2111984153928,232.068610
1033.4834758343786,806.2111984153928,227.272277
1019.3825700351125,806.2111984153929,213.171372
1008.8945601080577,806.211198415393,202.683362
1003.2824045758429,806.2111984153928,197.071206
1001.5894171894618,806.2111984153929,195.378219
1001.2900552037149,806.2111984153928,195.078857
996.1357858569464,806.2111984153929,189.924587
996.9292743126415,806.2111984153929,190.718076
994.3435338612375,806.2111984153929,188.132335
995.4851451314108,806.211198415393,189.273947
998.1110082300596,806.2111984153928,191.899810
997.7746390605155,806.2111984153928,191.563441
1004.9885882154738,806.2111984153929,198.777390
1013.2424682339758,806.2111984153929,207.031270
1024.3467485091028,806.211198415393,218.135550
1035.9539126675106,806.2111984153929,229.742714
1046.2534751202948,806.2111984153929,240.042277
1056.4118085801033,806.2111984153929,250.200610
1064.1428916243917,806.2111984153928,257.931693
1067.5508713710194,806.2111984153929,261.339673
1065.8992912771091,806.2111984153929,259.688093
1060.254865627634,806.2111984153929,254.043667
1050.7886982318605,806.2111984153929,244.577500
1041.6911678303445,806.2111984153929,235.479969
1031.3261073909441,806.2111984153929,225.114909
1019.0040732720148,806.2111984153929,212.792875
1009.036733784612,806.2111984153929,202.825535
998.379697094236,806.2111984153929,192.168499
990.4097135331789,806.2111984153929,184.198515
987.1796829494477,806.211198415393,180.968485
983.1134013360158,806.2111984153929,176.902203
981.3535113025301,806.2111984153929,175.142313
982.178453440757,806.2111984153929,175.967255
985.9190530981564,806.211198415393,179.707855
982.4848052106676,806.2111984153929,176.273607
980.5052412027495,806.2111984153929,174.294043
978.7895181301526,806.2111984153929,172.578320
976.1714041625704,806.2111984153929,169.960206
975.9816248816128,806.2111984153928,169.770426
969.7890414622398,806.211198415393,163.577843
967.3692353275437,806.2111984153929,161.158037
971.4172634793281,806.2111984153929,165.206065
974.2774938020525,806.2111984153929,168.066295
980.6123894463811,806.211198415393,174.401191
993.6410550248554,806.2111984153929,187.429857
1001.4672003969373,806.2111984153929,195.256002
1016.3246142481848,806.2111984153928,210.113416
1034.4145110409193,806.2111984153929,228.203313
1045.7888003110613,806.2111984153929,239.577602
1052.7552310267358,806.2111984153929,246.544033
1058.7398328296524,806.2111984153929,252.528634
1063.3268965451468,806.2111984153928,257.115698
1060.1679330371994,806.2111984153928,253.956735
1063.6061895912899,806.211198415393,257.394991
1052.4325022395178,806.2111984153929,246.221304
1045.4643125773475,806.2111984153929,239.253114
1039.8990444644971,806.2111984153928,233.687846
1027.2302935806365,806.2111984153929,221.019095
1017.6415344380516,806.2111984153928,211.430336
1006.0424024362609,806.2111984153929,199.831204
1001.3933897888455,806.2111984153929,195.182191
993.2955566185362,806.2111984153929,187.084358
989.2963070795831,806.2111984153929,183.085109
985.9802930619059,806.2111984153929,179.769095
982.6416442865599,806.2111984153928,176.430446
979.4878852501641,806.2111984153928,173.276687
982.1559108157611,806.2111984153929,175.944712
978.5870697937964,806.211198415393,172.375871
978.896270890758,806.2111984153929,172.685072
981.095137329987,806.211198415393,174.883939
985.2420541111084,806.2111984153929,179.030856
995.0789351743925,806.2111984153929,188.867737
999.3523264138221,806.2111984153929,193.141128
1009.1872349076816,806.2111984153929,202.976036
1018.4204543472745,806.2111984153929,212.209256
1025.6063614465259,806.2111984153929,219.395163
1039.1890214918137,806.2111984153929,232.977823
1038.5724318530854,806.2111984153929,232.361233
1043.6209882622265,806.2111984153928,237.409790
1042.265831772877,806.2111984153929,236.054633
1039.9001295011064,806.2111984153928,233.688931
1035.0320635233243,806.2111984153928,228.820865
1026.6028993134817,806.2111984153929,220.391701
1020.1900584436734,806.2111984153929,213.978860
1009.5124223402796,806.211198415393,203.301224
1004.4267482054938,806.2111984153929,198.215550
991.502628356652,806.2111984153929,185.291430
984.5638694624718,806.211198415393,178.352671
981.7357035173824,806.2111984153928,175.524505
972.5959345007716,806.2111984153929,166.384736
971.2306427456083,806.2111984153929,165.019444
965.1956080682618,806.2111984153929,158.984410
960.706332741265,806.2111984153929,154.495134
960.891057201885,806.211198415393,154.679859
956.6924565558978,806.211198415393,150.481258
954.8416325191815,806.2111984153929,148.630434
953.9653168411481,806.2111984153929,147.754118
952.1708898547945,806.2111984153929,145.959691
951.7602720296042,806.211198415393,145.549074
954.5549236005329,806.2111984153929,148.343725
956.3785932910284,806.2111984153929,150.167395
963.5222787461191,806.2111984153929,157.311080
970.5972976015862,806.2111984153928,164.386099
979.9173047062419,806.2111984153929,173.706106
991.9321332202047,806.2111984153929,185.720935
1001.5105549020903,806.2111984153929,195.299356
1008.8917477628663,806.2111984153929,202.680549
1017.5688041064808,806.2111984153929,211.357606
1023.107119756821,806.2111984153928,216.895921
1027.989781571134,806.2111984153929,221.778583
1025.6115579347884,806.2111984153929,219.400360
1027.98164647789,806.211198415393,221.770448
1022.9642565251623,806.2111984153929,216.753058
1016.5519938352495,806.2111984153929,210.340795
1009.5283785186585,806.2111984153929,203.317180
1002.8697537141436,806.2111984153928,196.658555
995.9454949411756,806.2111984153928,189.734297
986.9084102786472,806.2111984153928,180.697212
982.1931865748722,806.2111984153929,175.981988
975.5804900918007,806.2111984153929,169.369292
971.5953743200891,806.2111984153929,165.384176
968.7361158953803,806.2111984153929,162.524917
964.6298987013909,806.2111984153929,158.418700
963.8744027579899,806.211198415393,157.663204
961.2877985695475,806.2111984153929,155.076600
960.0347770734878,806.2111984153929,153.823579
958.9929191595077,806.2111984153929,152.781721
960.376890366595,806.2111984153929,154.165692
961.9859214997111,806.2111984153929,155.774723
963.2755735188439,806.211198415393,157.064375
968.3521801383517,806.211198415393,162.140982
974.7257225577129,806.2111984153929,168.514524
983.3514959973244,806.2111984153929,177.140298
993.9709325789679,806.2111984153929,187.759734
1000.842113239906,806.2111984153929,194.630915
1006.40472739939,806.2111984153929,200.193529
1013.9593788820584,806.211198415393,207.748180
1019.4168212630407,806.2111984153928,213.205623
1020.2317083619482,806.2111984153929,214.020510
1024.7616752082054,806.211198415393,218.550477
1020.63011401176,806.211198415393,214.418916
1015.9849809410686,806.2111984153928,209.773783
1011.6732254484948,806.211198415393,205.462027
1002.0078155536605,806.2111984153929,195.796617
996.0345788581893,806.2111984153929,189.823380
984.4889544849259,806.2111984153929,178.277756
980.2128928361982,806.2111984153929,174.001694
974.5014601377669,806.2111984153929,168.290262
972.5831868891398,806.2111984153928,166.371988
968.2287675250188,806.2111984153929,162.017569
971.1860891024588,806.211198415393,164.974891
967.7822027839343,806.2111984153929,161.571004
963.5739067288989,806.2111984153928,157.362708
963.9989208232835,806.2111984153929,157.787722
960.6171123236702,806.211198415393,154.405914
957.8657491566794,806.2111984153929,151.654551
954.5942130722636,806.2111984153929,148.383015
949.3399482072695,806.2111984153929,143.128750
945.6622124353592,806.2111984153929,139.451014
946.3781028538884,806.2111984153928,140.166904
946.8393303518341,806.2111984153928,140.628132
943.9630747695742,806.2111984153929,137.751876
955.4804621795699,806.211198415393,149.269264
965.4366321712856,806.2111984153929,159.225434
979.4698511640594,806.2111984153929,173.258653
990.0727279098148,806.2111984153929,183.861529
1005.3450854375021,806.2111984153929,199.133887
1017.2907427894229,806.2111984153928,211.079544
1027.3171262635913,806.2111984153928,221.105928
1038.9099720578283,806.2111984153929,232.698774
1045.6174145867985,806.2111984153928,239.406216
1054.4288245336215,806.211198415393,248.217626
1056.5862819887207,806.2111984153928,250.375084
1055.1646546129816,806.2111984153928,248.953456
1052.3290539574805,806.2111984153929,246.117856
1046.0777293106944,806.2111984153929,239.866531
1041.0798131662687,806.2111984153929,234.868615
1027.4845301246326,806.2111984153929,221.273332
1018.3038584762166,806.2111984153928,212.092660
1007.6491621239663,806.2111984153929,201.437964
995.7682946412224,806.2111984153929,189.557096
987.3295303866205,806.2111984153929,181.118332
978.0950168161029,806.2111984153928,171.883818
969.7631028096198,806.2111984153929,163.551904
963.88645720941,806.2111984153928,157.675259
957.8569802708989,806.2111984153929,151.645782
955.3821151343118,806.2111984153929,149.170917
952.9487293382828,806.2111984153929,146.737531
952.5138455804145,806.2111984153929,146.302647
950.1407624040785,806.2111984153929,143.929564
949.7886351715861,806.2111984153929,143.577437
950.9462049442747,806.2111984153929,144.735007
952.2580309702374,806.2111984153928,146.046833
952.7819090652013,806.2111984153929,146.570711
956.0891485571317,806.2111984153929,149.877950
957.671190743578,806.2111984153928,151.459992
962.2446840111005,806.2111984153929,156.033486
968.8873485600564,806.2111984153929,162.676150
973.6697159091905,806.211198415393,167.458517
975.2632502051036,806.2111984153928,169.052052
975.2455528491611,806.211198415393,169.034354
971.9586644345737,806.2111984153929,165.747466
973.8635786505018,806.211198415393,167.652380
972.1230453956877,806.2111984153929,165.911847
968.3376061609268,806.2111984153928,162.126408
968.5240576748122,806.2111984153929,162.312859
966.293988058499,806.211198415393,160.082790
965.1560380772997,806.2111984153929,158.944840
963.9982672201655,806.2111984153928,157.787069
964.3983954538936,806.2111984153929,158.187197
969.1256092020989,806.2111984153929,162.914411
973.1778269876024,806.2111984153928,166.966629
970.4845203557014,806.211198415393,164.273322
973.072871865872,806.2111984153928,166.861673
972.9501906315122,806.211198415393,166.738992
974.6289879376546,806.2111984153929,168.417790
980.8092811838014,806.2111984153929,174.598083
981.1591892401467,806.211198415393,174.947991
980.2868220802396,806.2111984153929,174.075624
982.8798862169721,806.2111984153929,176.668688
988.6590445244018,806.2111984153929,182.447846
992.379774903243,806.2111984153929,186.168576
995.7685587149301,806.2111984153929,189.557360
998.1778153736977,806.2111984153929,191.966617
1003.5435005896796,806.2111984153928,197.332302
1005.2450126188869,806.2111984153928,199.033814
1000.6806633807773,806.211198415393,194.469465
1004.0066790418261,806.211198415393,197.795481
1003.7472872770082,806.2111984153929,197.536089
997.8302339106242,806.2111984153929,191.619035
996.5602276969503,806.2111984153928,190.349029
990.8667801552818,806.2111984153929,184.655582
983.5383191136814,806.211198415393,177.327121
976.6176783915246,806.2111984153929,170.406480
968.7451537784167,806.2111984153929,162.533955
966.6165312568756,806.2111984153928,160.405333
960.661051728857,806.2111984153929,154.449853
960.9573567382403,806.2111984153929,154.746158
960.0030215964044,806.2111984153929,153.791823
955.809133222966,806.2111984153929,149.597935
958.87802012934,806.2111984153929,152.666822
955.0577462042854,806.2111984153928,148.846548
952.440752208855,806.2111984153929,146.229554
954.704357035419,806.2111984153929,148.493159
953.1532595582008,806.2111984153929,146.942061
954.355684708786,806.2111984153929,148.144486
956.5454412048839,806.2111984153929,150.334243
959.17402947251,806.2111984153929,152.962831
966.1045618592943,806.2111984153929,159.893363
967.1615502912747,806.2111984153928,160.950352
967.1278999587377,806.211198415393,160.916702
972.4032306073689,806.2111984153929,166.192032
971.2653267309007,806.2111984153929,165.054128
978.6066724947657,806.2111984153929,172.395474
980.1128864015717,806.2111984153929,173.901688
979.7162790462268,806.2111984153929,173.505081
974.1971828864461,806.2111984153929,167.985984
967.7087040594919,806.211198415393,161.497506
962.677236209547,806.2111984153929,156.466038
956.421749676995,806.2111984153928,150.210551
951.4855336856432,806.2111984153929,145.274335
947.965787544246,806.2111984153929,141.754589
945.0013511771701,806.211198415393,138.790153
943.1616564917745,806.2111984153929,136.950458
940.4065958523069,806.2111984153929,134.195397
935.6053919764065,806.2111984153929,129.394194
935.7931703007152,806.2111984153928,129.581972
937.4761061828432,806.2111984153929,131.264908
940.0820381212961,806.211198415393,133.870840
940.263342806203,806.2111984153929,134.052144
941.1961177689777,806.2111984153929,134.984919
945.1201665404774,806.2111984153929,138.908968
945.2428033905347,806.2111984153928,139.031605
948.2765265610286,806.211198415393,142.065328
948.5586790598142,806.2111984153928,142.347481
951.2963658260073,806.2111984153929,145.085167
953.6922616696268,806.2111984153929,147.481063
953.9428930255435,806.2111984153929,147.731695
951.8504623992056,806.211198415393,145.639264
951.0897859819366,806.2111984153929,144.878588
952.6026094400997,806.2111984153929,146.391411
949.8545805088952,806.2111984153928,143.643382
943.7478713477543,806.2111984153929,137.536673
937.8927908464794,806.2111984153929,131.681592
934.7491344800177,806.2111984153929,128.537936
931.5404160941168,806.2111984153929,125.329218
929.4937816272328,806.2111984153929,123.282583
923.4408962521461,806.2111984153929,117.229698
924.4356080662226,806.2111984153929,118.224410
921.5612752628916,806.2111984153929,115.350077
919.7437006375131,806.211198415393,113.532502
917.3700329164324,806.2111984153928,111.158835
922.5992022160893,806.2111984153929,116.388004
926.0736476100286,806.2111984153929,119.862449
925.0685464900788,806.2111984153928,118.857348
931.2548457084429,806.2111984153929,125.043647
935.1047215014867,806.211198415393,128.893523
940.4871284565426,806.2111984153929,134.275930
943.0782277711777,806.211198415393,136.867029
946.1973005567187,806.2111984153929,139.986102
949.6105565739088,806.2111984153929,143.399358
954.4011243733723,806.2111984153929,148.189926
954.6666090277263,806.2111984153929,148.455411
955.1623155522573,806.2111984153929,148.951117
953.4982622745832,806.2111984153929,147.287064
950.0849199743907,806.2111984153929,143.873722
947.0466257828895,806.2111984153929,140.835427
943.5856402656918,806.2111984153929,137.374442
938.0002495510964,806.2111984153929,131.789051
931.4786605442365,806.2111984153928,125.267462
928.2819611879439,806.2111984153928,122.070763
923.2952502124288,806.2111984153929,117.084052
922.6482001245407,806.2111984153928,116.437002
918.534446795836,806.2111984153929,112.323248
916.0451397681644,806.2111984153929,109.833941
915.9572541194462,806.2111984153929,109.746056
914.5325183704376,806.2111984153929,108.321320
920.0915107286953,806.211198415393,113.880312
920.6780386002177,806.2111984153929,114.466840
922.4775632553917,806.2111984153929,116.266365
925.435783325377,806.2111984153928,119.224585
926.0404474327586,806.2111984153928,119.829249
928.1164029630162,806.211198415393,121.905205
930.8866886392276,806.211198415393,124.675490
934.3962973096892,806.2111984153928,128.185099
932.7440623228529,806.211198415393,126.532864
935.8478027393568,806.2111984153929,129.636604
935.2865002378371,806.2111984153929,129.075302
933.2931463267327,806.2111984153928,127.081948
930.5106437116123,806.2111984153929,124.299445
928.4446657457398,806.2111984153929,122.233467
924.3391978258907,806.2111984153929,118.127999
926.0205835696767,806.2111984153929,119.809385
920.1368011153902,806.2111984153929,113.925603
918.4362539298739,806.2111984153929,112.225056
916.3157442520915,806.2111984153929,110.104546
915.8965663601648,806.2111984153929,109.685368
912.716363259906,806.2111984153929,106.505165
914.6647680432364,806.2111984153929,108.453570
918.472855893848,806.211198415393,112.261657
920.7876744977497,806.2111984153929,114.576476
921.5862433239346,806.2111984153929,115.375045
917.7653350213051,806.2111984153928,111.554137
918.9367250465847,806.2111984153928,112.725527
921.5267704113733,806.2111984153929,115.315572
918.9763277108648,806.2111984153929,112.765129
917.7157794795763,806.211198415393,111.504581
918.1150176401457,806.2111984153929,111.903819
918.0722390818232,806.2111984153929,111.861041
912.7448957933653,806.2111984153929,106.533697
915.615823800432,806.211198415393,109.404625
910.892391853982,806.2111984153928,104.681193
913.1851932183129,806.2111984153928,106.973995
912.4732809586209,806.2111984153929,106.262083
911.7555199057216,806.211198415393,105.544321
914.1304733489718,806.2111984153929,107.919275
913.3578313421887,806.2111984153929,107.146633
915.9309751154492,806.2111984153928,109.719777
916.125737792047,806.2111984153929,109.914539
920.568331585607,806.2111984153929,114.357133
922.0887583859445,806.211198415393,115.877560
928.3679364491599,806.2111984153929,122.156738
932.599239803455,806.2111984153929,126.388041
938.2680807634763,806.2111984153929,132.056882
943.6502370663189,806.2111984153929,137.439039
944.4492920199714,806.2111984153929,138.238094
948.1984294312476,806.2111984153928,141.987231
949.1206581184161,806.2111984153929,142.909460
954.0241649812289,806.2111984153928,147.812967
957.3187992908886,806.2111984153929,151.107601
952.4106981754074,806.2111984153929,146.199500
950.0309943864595,806.2111984153929,143.819796
945.4261566118968,806.2111984153929,139.214958
940.1562180191902,806.2111984153929,133.945020
936.4795766383033,806.211198415393,130.268378
933.3083971315838,806.211198415393,127.097199
925.5043436441422,806.2111984153929,119.293145
921.5226677831558,806.2111984153929,115.311469
919.1003775752431,806.2111984153929,112.889179
915.6279023577644,806.2111984153929,109.416704
916.079272057229,806.2111984153929,109.868074
912.2298118691446,806.2111984153929,106.018613
910.5809871111916,806.2111984153929,104.369789
911.2058470110348,806.2111984153929,104.994649
909.5288173007422,806.2111984153929,103.317619
911.4157890577635,806.211198415393,105.204591
907.9877860510007,806.2111984153928,101.776588
915.8782499420847,806.2111984153928,109.667052
914.4555668700808,806.2111984153929,108.244368
920.3269805003757,806.2111984153929,114.115782
928.4287697563672,806.2111984153929,122.217571
934.8600317830358,806.2111984153928,128.648833
939.0933407145501,806.2111984153929,132.882142
945.6946949777603,806.2111984153929,139.483497
950.8357220674515,806.2111984153929,144.624524
956.9038168572745,806.211198415393,150.692618
958.3856496414365,806.2111984153929,152.174451
958.0317385225069,806.2111984153929,151.820540
958.0992730908667,806.2111984153929,151.888075
952.2402959026473,806.2111984153929,146.029097
945.1492539179893,806.2111984153929,138.938056
940.212289358121,806.2111984153929,134.001091
931.5618462840216,806.211198415393,125.350648
923.614473539525,806.211198415393,117.403275
920.9208037233443,806.211198415393,114.709605
916.0159797019912,806.2111984153929,109.804781
912.466599417473,806.211198415393,106.255401
912.2656262650718,806.2111984153929,106.054428
909.83560617723,806.2111984153929,103.624408
910.0889078183264,806.2111984153929,103.877709
911.9996633257366,806.2111984153929,105.788465
910.51913920497,806.2111984153928,104.307941
911.8833599045753,806.2111984153929,105.672161
915.9213694939386,806.211198415393,109.710171
922.28196469658,806.2111984153929,116.070766
925.2279146679516,806.2111984153929,119.016716
931.1363307856514,806.2111984153928,124.925132
935.6570863200733,806.211198415393,129.445888
943.3336964848155,806.2111984153929,137.122498
949.191979388355,806.211198415393,142.980781
950.8776084340367,806.211198415393,144.666410
953.0887307157833,806.2111984153929,146.877532
950.5317511377516,806.2111984153929,144.320553
950.5662377256484,806.2111984153929,144.355039
943.2438175433658,806.2111984153929,137.032619
941.9388904763131,806.2111984153929,135.727692
937.8015424981028,806.2111984153929,131.590344
936.2366790011177,806.211198415393,130.025481
932.1056766588936,806.2111984153929,125.894478
931.5325825639724,806.2111984153928,125.321384
929.0625046394531,806.2111984153928,122.851306
928.7848640518824,806.211198415393,122.573666
929.7063081299374,806.211198415393,123.495110
932.1408571048828,806.2111984153929,125.929659
927.389256732977,806.2111984153929,121.178058
927.9775058142072,806.211198415393,121.766307
927.5316168706985,806.2111984153929,121.320418
925.6122352324531,806.2111984153929,119.401037
925.0484434489024,806.2111984153928,118.837245
923.699838771316,806.2111984153928,117.488640
927.9365732305935,806.2111984153929,121.725375
927.9286405725162,806.2111984153928,121.717442
928.8282005023229,806.2111984153928,122.617002
930.5661626003266,806.2111984153928,124.354964
928.0642990238644,806.211198415393,121.853101
929.5053602463267,806.2111984153929,123.294162
928.123198248064,806.2111984153929,121.912000
931.6645677387511,806.2111984153929,125.453369
925.9643637068566,806.2111984153929,119.753165
921.1904974267369,806.2111984153929,114.979299
919.5316822745458,806.2111984153928,113.320484
914.4042428781555,806.2111984153929,108.193044
912.0690602682114,806.2111984153929,105.857862
908.8901550751506,806.211198415393,102.678957
904.888002562137,806.2111984153929,98.676804
903.105091125234,806.2111984153928,96.893893
902.702543346514,806.211198415393,96.491345
900.0706429048128,806.2111984153929,93.859444
900.5199110799382,806.2111984153928,94.308713
898.2491577870687,806.211198415393,92.037959
900.7370582075846,806.2111984153928,94.525860
904.2414037424634,806.2111984153929,98.030205
903.1861286958512,806.211198415393,96.974930
905.1251893645015,806.2111984153929,98.913991
909.2021014042084,806.2111984153929,102.990903
914.4094779994466,806.2111984153928,108.198280
918.6057250107266,806.211198415393,112.394527
925.7083355453265,806.2111984153929,119.497137
932.8960480616252,806.2111984153929,126.684850
936.7624192514556,806.2111984153929,130.551221
940.4190684372811,806.211198415393,134.207870
945.7565758773486,806.2111984153928,139.545377
946.4258766014418,806.2111984153929,140.214678
949.9227100841795,806.2111984153929,143.711512
949.2516403496606,806.211198415393,143.040442
947.3474356205759,806.2111984153929,141.136237
941.435758229501,806.2111984153929,135.224560
937.7944259986377,806.2111984153929,131.583228
931.8629602891104,806.2111984153929,125.651762
930.7387318185397,806.2111984153929,124.527533
923.6657265095984,806.2111984153928,117.454528
920.2082350738708,806.2111984153929,113.997037
914.5830998774028,806.211198415393,108.371901
914.6170417523521,806.2111984153929,108.405843
912.5730322519665,806.2111984153928,106.361834
913.4204932020006,806.2111984153929,107.209295
913.9199735650743,806.2111984153928,107.708775
915.42873279968,806.2111984153928,109.217534
916.6814115281421,806.2111984153929,110.470213
916.6178483452387,806.2111984153928,110.406650
923.3045878251756,806.2111984153928,117.093389
924.0915828760192,806.211198415393,117.880384
933.4687451373326,806.211198415393,127.257547
941.1274679236002,806.2111984153929,134.916270
950.4374816255296,806.2111984153929,144.226283
960.7306170969509,806.2111984153929,154.519419
964.8736038834072,806.2111984153929,158.662405
970.7453249504498,806.2111984153929,164.534127
974.3175033602123,806.2111984153929,168.106305
977.1172197435516,806.211198415393,170.906021
976.7294932540711,806.2111984153929,170.518295
976.674926500602,806.2111984153929,170.463728
970.6984138771012,806.2111984153929,164.487215
962.9755888358525,806.2111984153929,156.764390
956.5597281880879,806.2111984153929,150.348530
949.0377123414222,806.2111984153929,142.826514
941.9657106188139,806.2111984153928,135.754512
931.6916248311088,806.211198415393,125.480426
927.0162997567404,806.2111984153928,120.805101
916.5171970592725,806.2111984153928,110.305999
912.3884555323964,806.2111984153929,106.177257
910.0714303655487,806.2111984153929,103.860232
904.9889483901794,806.2111984153929,98.777750
904.1720813701629,806.2111984153929,97.960883
903.0166747524398,806.2111984153929,96.805476
903.0065390329179,806.211198415393,96.795341
902.2811182094891,806.2111984153929,96.069920
903.9195391742799,806.2111984153928,97.708341
902.6441817312013,806.2111984153929,96.432983
904.8541354348864,806.2111984153928,98.642937
910.3484111213684,806.2111984153929,104.137213
911.7573397671291,806.2111984153929,105.546141
915.7173605939184,806.2111984153929,109.506162
921.1448661500887,806.2111984153929,114.933668
921.8640222612017,806.2111984153929,115.652824
926.3944921507699,806.2111984153929,120.183294
930.7283778408959,806.2111984153929,124.517179
935.6462449861526,806.211198415393,129.435047
934.8313399012746,806.2111984153929,128.620141
930.0617265017281,806.2111984153929,123.850528
936.5366728932063,806.2111984153929,130.325474
931.553904230581,806.2111984153929,125.342706
932.5364518236161,806.2111984153928,126.325253
931.2716512694404,806.211198415393,125.060453
933.0345183824356,806.2111984153929,126.823320
931.9867189685231,806.211198415393,125.775521
929.0626832589331,806.2111984153929,122.851485
931.5657270751773,806.2111984153929,125.354529
931.80854771689,806.2111984153929,125.597349
931.8485781197548,806.2111984153928,125.637380
928.0281587220373,806.2111984153929,121.816960
926.4040352611225,806.2111984153929,120.192837
926.3606293401582,806.2111984153929,120.149431
928.2419767194339,806.211198415393,122.030778
926.3445521170615,806.2111984153929,120.133354
925.9195019230116,806.2111984153929,119.708304
930.5202192653657,806.2111984153929,124.309021
927.7598973996618,806.2111984153929,121.548699
926.1796104900226,806.2111984153928,119.968412
927.1252754880405,806.2111984153928,120.914077
923.474190344797,806.2111984153929,117.262992
921.1667996023633,806.2111984153929,114.955601
919.7544477680798,806.2111984153929,113.543249
918.0786664554732,806.2111984153929,111.867468
912.90717710094,806.2111984153929,106.695979
907.4528477097421,806.211198415393,101.241649
905.4064642775762,806.2111984153929,99.195266
902.9715574456034,806.211198415393,96.760359
902.6564693803015,806.2111984153929,96.445271
897.2818033638091,806.2111984153928,91.070605
897.6658811238653,806.2111984153929,91.454683
897.457126107066,806.2111984153929,91.245928
895.8770649840174,806.211198415393,89.665867
894.4561943207377,806.2111984153929,88.244996
895.45620290298,806.2111984153929,89.245004
896.9835962938946,806.2111984153929,90.772398
896.5355340321948,806.2111984153928,90.324336
897.6127242475828,806.2111984153929,91.401526
900.1184674679122,806.2111984153929,93.907269
906.8864435060229,806.2111984153929,100.675245
909.6788118222918,806.2111984153928,103.467613
913.2907393334617,806.2111984153929,107.079541
916.629974707935,806.211198415393,110.418776
918.1496114258587,806.2111984153929,111.938413
922.1847296271416,806.2111984153928,115.973531
926.4180409163883,806.211198415393,120.206843
927.7196332963081,806.2111984153929,121.508435
928.8956934142386,806.2111984153928,122.684495
926.5262176241057,806.211198415393,120.315019
922.7510666359856,806.2111984153928,116.539868
923.252187839676,806.2111984153928,117.040989
918.2039360391299,806.2111984153929,111.992738
915.2477134230569,806.2111984153929,109.036515
913.2339443213008,806.2111984153929,107.022746
909.6494422668958,806.2111984153929,103.438244
906.0949815229096,806.211198415393,99.883783
903.8767077272734,806.2111984153928,97.665509
902.6721745073817,806.2111984153928,96.460976
902.3708398138864,806.2111984153929,96.159641
903.4277075359663,806.2111984153929,97.216509
903.986528413273,806.2111984153929,97.775330
905.0899411464374,806.2111984153929,98.878743
907.5598955908685,806.2111984153929,101.348697
910.0367237274988,806.2111984153929,103.825525
913.9633612473488,806.2111984153929,107.752163
916.010925136103,806.2111984153929,109.799727
919.7150498437973,806.2111984153928,113.503851
920.980641710554,806.2111984153929,114.769443
923.2973886985552,806.2111984153929,117.086190
925.4698978732744,806.2111984153929,119.258699
924.0845317063469,806.2111984153929,117.873333
922.9971394143785,806.211198415393,116.785941
921.940750075154,806.2111984153929,115.729552
920.3248755850066,806.2111984153929,114.113677
914.4447506591388,806.211198415393,108.233552
913.0170382588568,806.211198415393,106.805840
911.767428556147,806.2111984153928,105.556230
905.7084227413585,806.2111984153928,99.497224
905.3013246640251,806.2111984153929,99.090126
903.032378172711,806.2111984153929,96.821180
900.2359859552928,806.2111984153929,94.024788
897.2292960612616,806.211198415393,91.018098
896.2188756269909,806.211198415393,90.007677
893.5815663283893,806.211198415393,87.370368
893.5376420698256,806.2111984153929,87.326444
891.0081794788814,806.2111984153929,84.796981
893.6104211399033,806.211198415393,87.399223
895.3658319220816,806.2111984153928,89.154634
897.11182701327,806.211198415393,90.900629
898.2529817006609,806.2111984153929,92.041783
908.7502819110281,806.211198415393,102.539083
910.9533048009828,806.211198415393,104.742106
915.9159966105778,806.2111984153929,109.704798
921.9955231759117,806.2111984153929,115.784325
928.2275543809255,806.211198415393,122.016356
931.5860088017282,806.2111984153929,125.374810
936.7018600388254,806.2111984153929,130.490662
939.596472138473,806.2111984153928,133.385274
938.6102999484971,806.2111984153929,132.399102
936.6334618196624,806.2111984153928,130.422263
934.2682548943837,806.2111984153929,128.057056
928.7940299752098,806.2111984153929,122.582832
923.0272914412317,806.2111984153929,116.816093
919.7013760156132,806.2111984153928,113.490178
915.379766363884,806.2111984153929,109.168568
912.5048906549545,806.2111984153929,106.293692
906.9799943168912,806.2111984153929,100.768796
905.791948664806,806.2111984153929,99.580750
900.1961709779196,806.211198415393,93.984973
899.4137240437872,806.2111984153929,93.202526
896.9951753907159,806.2111984153929,90.783977
897.6265779864129,806.211198415393,91.415380
899.0075230121203,806.211198415393,92.796325
897.4153414261136,806.211198415393,91.204143
900.0668810007504,806.2111984153929,93.855683
900.1581485365866,806.2111984153929,93.946950
904.7212708197458,806.211198415393,98.510072
910.4812431108384,806.211198415393,104.270045
918.9466197525297,806.2111984153929,112.735421
921.9959828391166,806.2111984153928,115.784784
929.0359074124746,806.2111984153929,122.824709
935.5536017406147,806.2111984153929,129.342403
941.9997649510748,806.2111984153929,135.788567
942.8170993062927,806.2111984153929,136.605901
945.2791243552798,806.2111984153929,139.067926
944.8717896488689,806.2111984153929,138.660591
944.3452752417065,806.2111984153929,138.134077
936.4276623593466,806.2111984153929,130.216464
930.9152884264582,806.2111984153929,124.704090
921.9022789805093,806.2111984153929,115.691081
913.650136849535,806.211198415393,107.438938
911.012305547528,806.2111984153929,104.801107
902.0881229164579,806.2111984153928,95.876925
898.5789721600714,806.2111984153929,92.367774
896.5086421721913,806.2111984153929,90.297444
895.7869976320177,806.2111984153929,89.575799
894.6684685076851,806.2111984153928,88.457270
897.8725587941759,806.2111984153929,91.661360
897.2893235224088,806.2111984153929,91.078125
901.9441551778838,806.2111984153929,95.732957
904.0835069962864,806.211198415393,97.872309
905.9662086869786,806.2111984153929,99.755010
908.0306137837227,806.2111984153929,101.819415
908.3843219087146,806.211198415393,102.173123
908.3553187170937,806.2111984153929,102.144120
907.5839033107076,806.2111984153929,101.372705
905.2786861074629,806.2111984153929,99.067488
909.5876427225157,806.211198415393,103.376444
909.6296541242781,806.211198415393,103.418456
906.55621565094,806.2111984153929,100.345017
908.4122750235557,806.2111984153929,102.201077
910.7734374093736,806.211198415393,104.562239
910.6916165123803,806.2111984153928,104.480418
914.1475926532564,806.2111984153929,107.936394
915.9066006537255,806.2111984153929,109.695402
920.2122662668638,806.2111984153929,114.001068
923.3197197998818,806.2111984153929,117.108521
928.7612367439633,806.211198415393,122.550038
926.4489112039112,806.2111984153929,120.237713
930.4369320102965,806.2111984153929,124.225734
931.482569293508,806.2111984153929,125.271371
931.2654166065262,806.2111984153929,125.054218
931.0371742188636,806.2111984153929,124.825976
929.3410405824117,806.2111984153928,123.129842
927.1356557827496,806.2111984153929,120.924457
922.325402564444,806.2111984153928,116.114204
917.6165909802208,806.2111984153929,111.405393
916.8826648679506,806.2111984153929,110.671466
912.9211262609754,806.2111984153929,106.709928
908.1998650395711,806.211198415393,101.988667
902.9031517291522,806.2111984153929,96.691953
901.2207464655787,806.2111984153929,95.009548
899.8876413831302,806.2111984153928,93.676443
896.8470994734084,806.2111984153929,90.635901
896.1313268538338,806.2111984153928,89.920128
895.5216496068863,806.2111984153928,89.310451
897.196070831049,806.2111984153929,90.984872
895.6214573856037,806.2111984153928,89.410259
897.3575251096045,806.2111984153928,91.146327
903.4803592546463,806.211198415393,97.269161
909.8047330866859,806.2111984153929,103.593535
912.3821184954188,806.2111984153929,106.170920
922.2030704314459,806.211198415393,115.991872
923.5376115406174,806.2111984153929,117.326413
931.4134591328213,806.2111984153929,125.202261
935.864522284367,806.2111984153929,129.653324
934.8344624241512,806.211198415393,128.623264
933.6793810947191,806.2111984153928,127.468183
932.6840930932952,806.2111984153929,126.472895
928.132377419617,806.2111984153929,121.921179
924.0579609010562,806.2111984153929,117.846762
916.053948297042,806.2111984153928,109.842750
911.7908467413674,806.2111984153929,105.579648
908.6989247149421,806.211198415393,102.487726
903.454349961862,806.2111984153929,97.243152
902.0804282314664,806.2111984153929,95.869230
899.9158099992162,806.2111984153928,93.704612
901.5014933514685,806.2111984153929,95.290295
899.7633727771031,806.2111984153929,93.552174
900.1810428079287,806.2111984153929,93.969844
904.4225577031364,806.2111984153929,98.211359
905.0585712103117,806.211198415393,98.847373
904.1202817598389,806.2111984153929,97.909083
908.8321099374772,806.2111984153929,102.620912
910.054716837052,806.211198415393,103.843518
908.4936531581696,806.2111984153929,102.282455
910.9806907292002,806.2111984153929,104.769492
913.7968994439217,806.2111984153928,107.585701
913.1566004660334,806.2111984153929,106.945402
911.8018395182065,806.2111984153928,105.590641
911.3094288542112,806.2111984153929,105.098230
910.4698004656974,806.211198415393,104.258602
906.1625487198967,806.2111984153929,99.951350
905.1880159885678,806.2111984153929,98.976818
906.4316957797141,806.211198415393,100.220497
905.0323304506439,806.2111984153929,98.821132
900.3133837364878,806.2111984153929,94.102185
899.2620680255618,806.2111984153928,93.050870
903.846045318104,806.211198415393,97.634847
901.0207949662345,806.2111984153929,94.809597
898.2968734022005,806.2111984153929,92.085675
898.9111254796755,806.2111984153928,92.699927
897.0029166789465,806.2111984153929,90.791718
896.669812352966,806.2111984153929,90.458614
891.6932068152338,806.2111984153929,85.482008
893.3660609540076,806.2111984153929,87.154863
888.9796447307585,806.2111984153929,82.768446
891.1026683776129,806.2111984153929,84.891470
888.2348392015185,806.2111984153929,82.023641
888.4018606353125,806.211198415393,82.190662
890.3719961066336,806.2111984153929,84.160798
890.2508608480047,806.2111984153929,84.039662
891.2282551226616,806.2111984153929,85.017057
895.3489519164357,806.2111984153929,89.137754
896.4061116703351,806.2111984153929,90.194913
898.2526452268464,806.2111984153929,92.041447
903.6626930927141,806.2111984153928,97.451495
905.2033479961215,806.2111984153929,98.992150
906.3446938614119,806.2111984153929,100.133495
907.6439793939544,806.2111984153929,101.432781
907.340075547141,806.2111984153929,101.128877
910.1421027496292,806.2111984153929,103.930904
908.3998611800739,806.2111984153928,102.188663
907.9326648272379,806.211198415393,101.721466
902.9116956649916,806.2111984153929,96.700497
897.2696673044705,806.2111984153929,91.058469
894.3298250244777,806.2111984153929,88.118627
892.8348908745766,806.2111984153928,86.623692
892.9845413999194,806.211198415393,86.773343
893.5436780522438,806.2111984153929,87.332480
886.6692605670885,806.211198415393,80.458062
888.9202498668125,806.211198415393,82.709051
889.383224850441,806.211198415393,83.172026
888.6667053320976,806.2111984153929,82.455507
890.5648741529646,806.2111984153929,84.353676
888.3781732347807,806.2111984153929,82.166975
891.1593968483834,806.2111984153929,84.948198
892.6695837550436,806.2111984153928,86.458385
897.2080478246144,806.2111984153929,90.996849
900.1112645720209,806.2111984153928,93.900066
900.4260519806498,806.2111984153929,94.214854
904.9548011602355,806.2111984153929,98.743603
912.7076899285498,806.211198415393,106.496492
914.5530981984183,806.2111984153929,108.341900
918.5149398860887,806.211198415393,112.303741
919.9237296940075,806.2111984153928,113.712531
923.6353227830796,806.2111984153929,117.424124
923.5225370402973,806.2111984153928,117.311339
921.5239311942418,806.211198415393,115.312733
918.9263682313739,806.2111984153929,112.715170
913.4094481666747,806.211198415393,107.198250
909.0610986078717,806.2111984153929,102.849900
903.7792939296495,806.2111984153929,97.568096
902.2192251706078,806.2111984153928,96.008027
896.3338375473976,806.2111984153928,90.122639
894.8737192991848,806.2111984153929,88.662521
890.9960205521674,806.2111984153929,84.784822
893.2983857918239,806.211198415393,87.087187
888.3777030246689,806.2111984153929,82.166505
890.440931708958,806.2111984153928,84.229733
889.4417862071627,806.2111984153929,83.230588
890.2260422312193,806.2111984153929,84.014844
893.4195991291227,806.211198415393,87.208401
891.9470645973571,806.2111984153929,85.735866
892.6641961599304,806.2111984153929,86.452998
896.6637578798611,806.2111984153929,90.452559
893.072875301016,806.2111984153929,86.861677
894.192558972295,806.211198415393,87.981361
894.0235717475709,806.2111984153929,87.812373
893.9581500901631,806.2111984153929,87.746952
891.4352964710054,806.2111984153929,85.224098
892.8481512077332,806.2111984153929,86.636953
890.658538979276,806.2111984153928,84.447341
890.1420788092295,806.2111984153928,83.930880
890.0087780825207,806.2111984153928,83.797580
890.212280978784,806.2111984153928,84.001083
893.1999156032153,806.2111984153929,86.988717
892.2871420119512,806.2111984153929,86.075944
893.0699365018028,806.2111984153928,86.858738
894.1250129916873,806.2111984153929,87.913815
896.9613230129833,806.2111984153929,90.750125
898.5881494620686,806.2111984153929,92.376951
899.4732988751684,806.2111984153929,93.262100
897.9219052178519,806.2111984153928,91.710707
895.1832614453407,806.2111984153929,88.972063
894.1774629148711,806.2111984153929,87.966264
893.8168479625384,806.2111984153929,87.605650
892.3561093311946,806.2111984153929,86.144911
890.485126154409,806.211198415393,84.273928
888.4180011113984,806.2111984153929,82.206803
885.4069004812061,806.2111984153929,79.195702
883.76555395303,806.2111984153929,77.554356
884.0605315605254,806.211198415393,77.849333
881.9653988995552,806.2111984153929,75.754200
880.7847460661798,806.2111984153928,74.573548
879.7013903418995,806.2111984153929,73.490192
881.9400452122507,806.211198415393,75.728847
881.5804419289951,806.2111984153929,75.369244
882.8702740664529,806.2111984153929,76.659076
883.838318236342,806.2111984153928,77.627120
885.1655749399139,806.2111984153929,78.954377
888.0319751628512,806.211198415393,81.820777
894.1733191945895,806.211198415393,87.962121
899.1293766468456,806.2111984153929,92.918178
902.9009481725058,806.2111984153928,96.689750
907.8122842012086,806.2111984153929,101.601086
910.2906143464043,806.2111984153929,104.079416
912.8049580829666,806.2111984153928,106.593760
914.2522882747877,806.2111984153928,108.041090
911.3024316870461,806.2111984153929,105.091233
907.3457039416357,806.211198415393,101.134506
906.0919455717905,806.2111984153928,99.880747
901.778928128565,806.211198415393,95.567730
896.8093095877782,806.2111984153929,90.598111
893.1258316818373,806.2111984153929,86.914633
890.8995876262074,806.211198415393,84.688389
886.6972856121108,806.2111984153929,80.486087
881.4809228064174,806.2111984153929,75.269724
882.1549677341008,806.211198415393,75.943769
880.5775178304855,806.2111984153929,74.366319
881.1647159007617,806.2111984153929,74.953517
881.8374691983222,806.2111984153929,75.626271
882.0512623490288,806.211198415393,75.840064
882.775881146422,806.2111984153929,76.564683
886.3667755744799,806.2111984153928,80.155577
887.0754696166084,806.2111984153929,80.864271
891.3930962259201,806.2111984153929,85.181898
896.7619127010255,806.2111984153929,90.550714
900.2929637091864,806.2111984153928,94.081765
905.6867514333226,806.2111984153929,99.475553
906.5397659653664,806.2111984153929,100.328568
911.8319104983102,806.211198415393,105.620712
911.6740220070793,806.2111984153929,105.462824
910.9161057224047,806.211198415393,104.704907
909.3681877476329,806.2111984153929,103.156989
909.7103069409824,806.2111984153929,103.499109
907.2515707550867,806.2111984153928,101.040372
901.0563729183922,806.2111984153929,94.845175
898.5693030508722,806.2111984153929,92.358105
896.254141486,806.2111984153929,90.042943
896.3511304322378,806.2111984153929,90.139932
892.8920401041031,806.2111984153929,86.680842
891.8834534366516,806.211198415393,85.672255
891.0201695499557,806.2111984153929,84.808971
890.0468635324161,806.2111984153928,83.835665
889.8281148679642,806.2111984153929,83.616916
892.4518087005797,806.211198415393,86.240610
892.2488213627136,806.2111984153929,86.037623
892.7429258122353,806.2111984153929,86.531727
894.4509841051648,806.211198415393,88.239786
895.3348095044,806.2111984153929,89.123611
894.4484392669632,806.211198415393,88.237241
897.183978398441,806.2111984153928,90.972780
895.9198610274042,806.2111984153929,89.708663
899.3091698582922,806.2111984153929,93.097971
899.5317461028644,806.2111984153929,93.320548
898.3002662024498,806.2111984153929,92.089068
897.2057733148439,806.211198415393,90.994575
894.4674925369535,806.2111984153929,88.256294
894.4867426543508,806.2111984153928,88.275544
895.2961396033969,806.2111984153929,89.084941
892.9558199586777,806.211198415393,86.744622
890.9792346210843,806.211198415393,84.768036
889.4985472068787,806.211198415393,83.287349
889.6134260342369,806.2111984153929,83.402228
888.621550891672,806.2111984153929,82.410352
888.065011921601,806.211198415393,81.853814
888.8924463957832,806.2111984153929,82.681248
887.539165424197,806.2111984153929,81.327967
887.8159986465954,806.2111984153929,81.604800
891.4020826583861,806.211198415393,85.190884
889.4219150811058,806.2111984153929,83.210717
892.6039445725803,806.2111984153929,86.392746
892.3657774052847,806.2111984153929,86.154579
893.7482696676208,806.2111984153929,87.537071
897.5351253059296,806.2111984153929,91.323927
894.6370707469667,806.2111984153929,88.425872
897.7129255239805,806.2111984153929,91.501727
894.6674926313354,806.2111984153929,88.456294
893.0302708244687,806.2111984153929,86.819072
891.8998698297955,806.2111984153929,85.688671
890.5852944350063,806.2111984153929,84.374096
885.917341677702,806.2111984153929,79.706143
886.9288955851691,806.211198415393,80.717697
883.8250041184699,806.2111984153929,77.613806
879.1210865173385,806.2111984153929,72.909888
879.2969125418526,806.2111984153929,73.085714
880.0860348513557,806.211198415393,73.874836
879.9203003733679,806.2111984153928,73.709102
878.0045169937679,806.2111984153929,71.793319
878.39749658036,806.2111984153928,72.186298
876.5428199424699,806.2111984153929,70.331622
880.9053018226668,806.2111984153929,74.694103
881.8094565987359,806.2111984153929,75.598258
882.7639239786376,806.2111984153929,76.552726
887.9170544731912,806.2111984153929,81.705856
889.4375669435456,806.2111984153929,83.226369
892.7085131533578,806.2111984153929,86.497315
897.8569622840018,806.2111984153928,91.645764
899.6043103791056,806.211198415393,93.393112
904.5204315154211,806.211198415393,98.309233
905.9046235215233,806.2111984153929,99.693425
907.482525247792,806.2111984153929,101.271327
905.0777685182389,806.2111984153928,98.866570
904.0956641176858,806.2111984153929,97.884466
901.8038094250725,806.211198415393,95.592611
899.8458805913425,806.2111984153929,93.634682
893.5298927235785,806.211198415393,87.318694
889.9837301705362,806.2111984153928,83.772532
887.0872214997246,806.2111984153928,80.876023
883.1339348180726,806.211198415393,76.922736
880.3191795561155,806.2111984153929,74.107981
878.6086163441977,806.2111984153929,72.397418
877.6852595430237,806.2111984153928,71.474061
878.0558080099878,806.2111984153929,71.844610
875.8195137032192,806.2111984153929,69.608315
878.153986739372,806.2111984153929,71.942788
876.3372521926607,806.2111984153929,70.126054
879.3464492015838,806.2111984153929,73.135251
882.7241823026386,806.2111984153928,76.512984
885.6886277764728,806.2111984153929,79.477429
888.9482508235204,806.2111984153929,82.737052
895.2846051053319,806.2111984153929,89.073407
896.7470341657911,806.2111984153929,90.535836
900.488440555341,806.211198415393,94.277242
900.6037446808178,806.2111984153929,94.392546
899.6273881294795,806.2111984153928,93.416190
897.0902894879569,806.2111984153929,90.879091
896.1247834804353,806.2111984153929,89.913585
893.8816547465051,806.2111984153929,87.670456
890.0344755823634,806.211198415393,83.823277
885.2672255046573,806.211198415393,79.056027
886.9133974946203,806.2111984153928,80.702199
882.9305942164921,806.2111984153929,76.719396
882.4233690105302,806.2111984153929,76.212171
880.0979682300341,806.2111984153929,73.886770
882.1778336146399,806.211198415393,75.966635
881.7118358593259,806.2111984153929,75.500637
882.5913946270397,806.2111984153928,76.380196
883.2364103362447,806.2111984153928,77.025212
881.9706463299841,806.2111984153929,75.759448
885.4993499604998,806.2111984153929,79.288152
881.7595006361915,806.2111984153929,75.548302
880.8160219075338,806.2111984153929,74.604823
882.6369761553083,806.211198415393,76.425778
879.4930606549126,806.211198415393,73.281862
880.6548621128537,806.2111984153929,74.443664
879.3971519911174,806.2111984153929,73.185954
881.5375744341351,806.2111984153929,75.326376
879.2409785572098,806.211198415393,73.029780
881.3608365792138,806.2111984153929,75.149638
878.7278415318988,806.2111984153928,72.516643
880.9744213912146,806.2111984153929,74.763223
880.9657687943914,806.2111984153929,74.754570
880.4873399625051,806.2111984153929,74.276142
885.9421577907426,806.2111984153929,79.730959
883.7763873999504,806.2111984153929,77.565189
886.1676154592469,806.2111984153929,79.956417
887.1483525052433,806.211198415393,80.937154
889.3181560449873,806.2111984153929,83.106958
887.8557323292415,806.2111984153928,81.644534
889.471772814828,806.2111984153929,83.260574
891.1923092775435,806.211198415393,84.981111
889.2075135756538,806.211198415393,82.996315
888.33194929642,806.2111984153928,82.120751
885.4391392363002,806.2111984153929,79.227941
883.826398822235,806.2111984153929,77.615200
883.2777080125674,806.2111984153928,77.066510
881.0814562073617,806.2111984153929,74.870258
879.5899468981198,806.211198415393,73.378748
881.0013426761172,806.2111984153929,74.790144
878.299132123425,806.211198415393,72.087934
879.0158076546896,806.211198415393,72.804609
878.2027517003739,806.2111984153929,71.991553
877.331208887727,806.2111984153929,71.120010
877.2864437147232,806.2111984153929,71.075245
877.0637800226348,806.2111984153929,70.852582
880.4218754967872,806.211198415393,74.210677
882.3797858895709,806.2111984153929,76.168587
886.4219528274083,806.2111984153929,80.210754
889.0724088667552,806.2111984153929,82.861210
893.6471530414127,806.2111984153929,87.435955
900.833954830206,806.2111984153929,94.622756
904.7870477273623,806.2111984153929,98.575849
906.6496488273621,806.2111984153929,100.438450
907.9396576684952,806.2111984153929,101.728459
909.4913621681758,806.2111984153929,103.280164
910.0727471584365,806.2111984153928,103.861549
910.1804557346708,806.2111984153929,103.969257
905.980875183496,806.2111984153929,99.769677
902.4845993383407,806.2111984153929,96.273401
899.129886693019,806.2111984153929,92.918688
897.2009401304518,806.2111984153929,90.989742
888.6346333752315,806.2111984153928,82.423435
890.0989010939235,806.2111984153929,83.887703
884.6313530817848,806.2111984153929,78.420155
885.2289837665331,806.211198415393,79.017785
885.2607750751724,806.2111984153929,79.049577
881.3308583371708,806.2111984153929,75.119660
881.0146430116473,806.2111984153928,74.803445
884.9110022818702,806.2111984153929,78.699804
886.5281583887281,806.2111984153929,80.316960
889.9674519078527,806.2111984153929,83.756253
892.6142936777023,806.2111984153928,86.403095
896.092081916078,806.2111984153929,89.880884
900.6724225285303,806.2111984153929,94.461224
901.8200225426402,806.2111984153929,95.608824
906.9899790554273,806.211198415393,100.778781
909.4027942927723,806.2111984153929,103.191596
909.6009822687739,806.211198415393,103.389784
907.6569209349313,806.2111984153929,101.445723
902.4648668890409,806.211198415393,96.253668
898.5048778248151,806.2111984153929,92.293679
897.0601973523458,806.2111984153929,90.848999
892.316954818385,806.2111984153929,86.105756
889.9058386883326,806.2111984153929,83.694640
885.6956973025731,806.2111984153929,79.484499
884.0922013030687,806.2111984153929,77.881003
882.8848505438123,806.2111984153929,76.673652
880.4489681634177,806.2111984153928,74.237770
880.0452978440057,806.2111984153929,73.834099
881.9782320451237,806.2111984153929,75.767034
881.9343582411766,806.2111984153928,75.723160
883.4876505987168,806.2111984153928,77.276452
886.0378599927631,806.211198415393,79.826662
887.2774287442162,806.2111984153929,81.066230
889.907743300079,806.2111984153929,83.696545
890.620725648444,806.2111984153929,84.409527
892.986797497881,806.2111984153928,86.775599
897.5032434031987,806.211198415393,91.292045
898.5742917059445,806.2111984153928,92.363093
896.5315432243029,806.2111984153929,90.320345
898.0387951134093,806.2111984153929,91.827597
897.153137573878,806.211198415393,90.941939
894.8307935799189,806.2111984153929,88.619595
893.4401032963391,806.2111984153928,87.228905
890.2826843690963,806.2111984153929,84.071486
887.552148381374,806.211198415393,81.340950
886.8769633224125,806.211198415393,80.665765
883.909075026099,806.2111984153928,77.697877
883.7571537574905,806.211198415393,77.545955
883.2199613457952,806.2111984153929,77.008763
880.1826480747812,806.2111984153929,73.971450
879.2621203176727,806.2111984153928,73.050922
882.3994018221991,806.2111984153929,76.188203
880.7572163993427,806.211198415393,74.546018
880.5330656446002,806.2111984153929,74.321867
880.7246824929464,806.2111984153929,74.513484
882.0205713307926,806.2111984153929,75.809373
883.0768651979947,806.2111984153928,76.865667
885.6321352909224,806.2111984153929,79.420937
887.0596069157829,806.211198415393,80.848409
892.1604014237766,806.211198415393,85.949203
895.1683242443993,806.2111984153928,88.957126
898.6074091062229,806.2111984153929,92.396211
897.9549202784992,806.2111984153929,91.743722
896.2859497061365,806.2111984153929,90.074751
898.3368696855819,806.2111984153929,92.125671
896.6790756279128,806.211198415393,90.467877
895.7521044383367,806.2111984153929,89.540906
891.3273230888367,806.2111984153929,85.116125
886.0052616314798,806.211198415393,79.794063
883.1927603211221,806.2111984153929,76.981562
879.7451932271185,806.2111984153929,73.533995
876.4661831867945,806.2111984153929,70.254985
878.2129831784566,806.2111984153929,72.001785
874.111991184389,806.2111984153929,67.900793
876.1984445155507,806.2111984153929,69.987246
872.9323971516881,806.2111984153929,66.721199
874.5108640327409,806.2111984153929,68.299666
877.64032258051,806.2111984153929,71.429124
878.2245543120249,806.2111984153928,72.013356
879.9854369714418,806.211198415393,73.774239
882.0196740109218,806.2111984153929,75.808476
884.6918826190267,806.2111984153929,78.480684
886.4423603048914,806.2111984153929,80.231162
886.1545869752703,806.2111984153929,79.943389
886.6349861822946,806.2111984153929,80.423788
885.8384412582079,806.211198415393,79.627243
888.3712886023068,806.2111984153929,82.160090
885.6549274698167,806.211198415393,79.443729
881.669329745724,806.2111984153929,75.458131
879.874769005026,806.2111984153929,73.663571
880.4595361322404,806.2111984153929,74.248338
879.758597436882,806.2111984153929,73.547399
877.087796815409,806.2111984153929,70.876598
878.6913281535602,806.211198415393,72.480130
876.6303223688218,806.2111984153928,70.419124
874.0732692532539,806.2111984153929,67.862071
878.1663121293066,806.2111984153928,71.955114
878.20961212685,806.211198415393,71.998414
876.2219959247727,806.2111984153929,70.010798
876.0394653809775,806.2111984153929,69.828267
878.3713232416696,806.2111984153929,72.160125
873.2943241503533,806.2111984153928,67.083126
871.8093756041845,806.2111984153929,65.598177
873.2435874531019,806.2111984153929,67.032389
868.7354262478418,806.2111984153928,62.524228
870.781100274372,806.2111984153929,64.569902
868.8057798807735,806.2111984153929,62.594581
869.5364242656299,806.211198415393,63.325226
871.7931408713296,806.211198415393,65.581942
868.992068059894,806.2111984153928,62.780870
871.689130360903,806.211198415393,65.477932
874.2919995196523,806.2111984153929,68.080801
875.963658682301,806.2111984153928,69.752460
877.8732767358507,806.2111984153929,71.662078
877.8782696191244,806.2111984153929,71.667071
880.2133552001227,806.2111984153929,74.002157
880.6283709674472,806.2111984153929,74.417173
880.117470173209,806.2111984153929,73.906272
880.5602593117216,806.2111984153929,74.349061
879.3981497554325,806.2111984153929,73.186951
878.586601131076,806.2111984153928,72.375403
875.9854555556208,806.2111984153929,69.774257
875.1889739842507,806.211198415393,68.977776
871.7544009838513,806.2111984153928,65.543203
869.8988993683906,806.2111984153929,63.687701
868.8347281589961,806.2111984153929,62.623530
865.3234513031733,806.2111984153929,59.112253
865.0245971120245,806.2111984153928,58.813399
864.8085912279583,806.2111984153928,58.597393
866.2056474413282,806.2111984153929,59.994449
865.9891981454895,806.2111984153929,59.778000
864.806044618779,806.211198415393,58.594846
867.1090710817746,806.2111984153929,60.897873
867.7755159039816,806.2111984153929,61.564317
871.7378335028058,806.211198415393,65.526635
872.9273083611124,806.2111984153929,66.716110
877.1025934282985,806.211198415393,70.891395
883.4189425436656,806.2111984153928,77.207744
886.1555806919733,806.2111984153929,79.944382
891.0362218116941,806.2111984153929,84.825023
892.4262432719004,806.2111984153929,86.215045
891.3307972550618,806.2111984153929,85.119599
891.1234608147665,806.2111984153929,84.912262
889.5708464863459,806.2111984153929,83.359648
887.2930257018953,806.2111984153929,81.081827
882.7732884981654,806.2111984153929,76.562090
881.0834356348673,806.2111984153929,74.872237
878.945553052757,806.2111984153929,72.734355
874.302385675571,806.2111984153929,68.091187
873.7232969321389,806.2111984153929,67.512099
872.4877728686332,806.2111984153929,66.276574
869.9175228116673,806.2111984153929,63.706324
870.5906830007552,806.2111984153929,64.379485
869.6589478304682,806.2111984153928,63.447749
869.7331706502732,806.2111984153929,63.521972
868.6931618266742,806.2111984153929,62.481963
872.4478925397191,806.2111984153929,66.236694
873.2467195335843,806.2111984153929,67.035521
875.4163223296755,806.2111984153929,69.205124
877.4827204982394,806.211198415393,71.271522
880.982818919577,806.2111984153929,74.771621
881.4935113074848,806.2111984153929,75.282313
881.9529419667155,806.2111984153929,75.741744
881.2890056754203,806.2111984153929,75.077807
881.298325733639,806.2111984153929,75.087127
881.1388039198558,806.211198415393,74.927606
879.5559679495811,806.211198415393,73.344770
876.8267463258471,806.2111984153929,70.615548
875.4038394733112,806.2111984153929,69.192641
871.3046787441981,806.2111984153929,65.093480
872.4313377982502,806.2111984153929,66.220139
871.9481433291526,806.2111984153929,65.736945
871.5564748797916,806.2111984153929,65.345276
873.5717531283743,806.2111984153929,67.360555
873.3498167924199,806.2111984153929,67.138618
872.9586717311224,806.2111984153929,66.747473
876.8310353095645,806.2111984153928,70.619837
878.7277851439432,806.2111984153929,72.516587
878.5397306170873,806.2111984153929,72.328532
877.9431091393335,806.2111984153929,71.731911
881.3555681879999,806.211198415393,75.144370
881.758850271125,806.211198415393,75.547652
881.1611788876079,806.2111984153928,74.949980
880.319041303303,806.2111984153928,74.107843
881.277545600269,806.2111984153929,75.066347
879.0833816662062,806.2111984153929,72.872183
876.1894403783343,806.2111984153929,69.978242
876.8893911088761,806.2111984153929,70.678193
876.3328713511195,806.2111984153929,70.121673
Line with minimum difference: 864.806044618779,806.211198415393,58.5948
